label,method,k,output_len,concurrency,num_requests,temperature,max_tokens,ignore_eos,seed,spec_config,errors,error_samples,ttft_50_ms,ttft_90_ms,ttft_99_ms,tpot_50_ms,tpot_90_ms,tpot_99_ms,e2e_50_ms,e2e_90_ms,e2e_99_ms,ttft_mean_ms,tpot_mean_ms,chunk_itl_mean_ms,per_request_tok_s,wall_s,output_tok_s,req_s,short_outputs,kv_cache_usage_max,running_reqs_mean,spec_drafts,spec_draft_tokens,spec_accepted_tokens,acceptance_rate,accepted_per_draft,mean_accepted_len,acceptance_by_position,gpu_util_mean,gpu_mem_bw_util_mean,gpu_mem_used_gib_max,gpu_mem_total_gib
baseline,none,0,32,1,24,0.0,32,True,,none,0,[],27.29710499988869,30.871891801143647,35.53423541947268,4.496184580632196,4.551617954841218,4.63223446416211,166.024422499504,171.5269124993938,174.19571394952072,27.166499833507867,4.497000401873373,4.521788121947112,222.39677991042416,4.005764681000073,191.72369351668013,5.991365422396254,0,0.0005655468838366984,0.75,0.0,0.0,0.0,,,,,91.70731707317073,50.41463414634146,71.97930908203125,79.6474609375
baseline,none,0,32,4,24,0.0,32,True,,none,0,[],58.09618750026857,596.058921698932,601.3940910702695,7.420908467705181,7.563427851621988,7.577365315811486,284.64562599947385,830.764794499737,832.7331279901045,145.96665683332807,7.4350927284896935,7.430335978494528,134.52131783093714,2.2640515950006375,339.2148843674138,10.60046513648168,0,0.002035968781812003,2.4,0.0,0.0,0.0,,,,,62.38461538461539,46.76923076923077,72.09063720703125,79.6474609375
baseline,none,0,32,16,72,0.0,32,True,,none,0,[],111.52911499902984,653.622228599852,655.9995454494128,10.787800887115853,11.207559203244127,11.536703411953395,451.63627599959,982.741987299778,988.2366506008111,229.9316146389477,10.655512003134433,10.692543858503104,94.4362385049057,2.7216722320008557,846.5383792030677,26.454324350095867,0,0.005316140708064743,6.666666666666667,0.0,0.0,0.0,,,,,60.516129032258064,50.645161290322584,72.09259033203125,79.6474609375
baseline,none,0,128,1,24,0.0,128,True,,none,0,[],28.0113690005237,34.079026799008716,47.42647711067548,4.492040401572471,4.510321161417485,4.537608867478527,598.7228209996829,604.3941582996922,617.657893879641,28.86836908335984,4.496619836285142,4.548876064501918,222.39192690025052,14.411169787999825,213.16798325130088,1.6653748691507881,0,0.001357312521207965,0.9285714285714286,0.0,0.0,0.0,,,,,97.57241379310345,49.889655172413796,72.09259033203125,79.6474609375
baseline,none,0,128,4,24,0.0,128,True,,none,0,[],65.54041750041506,113.73951950008632,118.78980244004197,7.725284448826828,7.789420237798289,7.828185901327784,1043.7532400001146,1102.7307213009408,1104.6429744208945,70.33047133351526,7.733811866468902,7.742802000191535,129.3075138996846,6.32057288499891,486.03189234491833,3.7971241589446745,0,0.005203031331297403,2.1538461538461537,0.0,0.0,0.0,,,,,91.20588235294117,69.07352941176471,72.09259033203125,79.6474609375
baseline,none,0,128,16,72,0.0,128,True,,none,0,[],133.9477910005371,678.0458493998594,682.2236074393732,12.434190177165558,12.666919689775202,13.953130396306776,1710.975216499719,2285.6165336999766,2287.1458854189405,233.0781802778448,12.218974808397906,12.236897323618914,82.45813195763313,8.719349846998739,1056.9595396120287,8.257496403218974,0,0.017192625268634742,13.176470588235293,0.0,0.0,0.0,,,,,86.72727272727273,75.9090909090909,72.09259033203125,79.6474609375
baseline,none,0,512,1,24,0.0,512,True,,none,0,[],29.142628500267165,34.081843100830156,43.05714979036565,4.515263462818883,4.527591156751257,4.535299742524144,2337.0936259998416,2343.7034125998252,2351.730188051224,29.59974645834033,4.517978382420168,4.559662856651794,221.33852274703852,56.14151245699941,218.87547132635186,0.42749115493428097,0,0.004185046940391346,0.9724770642201835,0.0,0.0,0.0,,,,,98.66548042704626,50.64056939501779,72.09259033203125,79.6474609375
baseline,none,0,512,4,24,0.0,512,True,,none,0,[],57.24739899960696,63.4589513994797,73.64548124942303,7.88825095205432,7.985229943835948,7.986939949021906,4080.111014999602,4143.487609200747,4144.980688059422,50.342964291682314,7.891108063437837,7.904494593084272,126.73162815888435,24.503687931999593,501.47553438080587,0.9794444030875115,0,0.015722203370659438,3.9166666666666665,0.0,0.0,0.0,,,,,97.92338709677419,74.90725806451613,72.09259033203125,79.6474609375
baseline,none,0,512,16,72,0.0,512,True,,none,0,[],128.64671450006426,148.81400570029655,159.49684219976916,13.136903919764645,13.470370373779552,13.54110236309347,6856.756013499762,7037.613564499043,7051.486809890175,120.117988847091,12.872771454555542,12.884193179481363,78.31685537719379,32.73575306999919,1126.1082010599646,2.1994300801952433,0,0.061305282207894995,14.453125,0.0,0.0,0.0,,,,,97.55287009063444,87.66465256797584,72.09259033203125,79.6474609375
draft_model_k1,draft_model,1,32,1,24,0.0,32,True,,"{""method"":""draft_model"",""model"":""Qwen/Qwen3-0.6B"",""num_speculative_tokens"":1,""draft_tensor_parallel_size"":1}",0,[],35.52682850022393,48.91173159976461,210.0115944103709,4.500072387101329,4.97643646126122,5.08371226805168,175.90404899965506,200.9678920994702,355.24290694978845,51.88248812532947,4.509176284942949,8.812096910582051,222.94259408401385,4.6071755129996745,166.6964928583684,5.2092654018240125,0,0.0013721185510428002,0.7777777777777778,393.0,393.0,365.0,0.9287531806615776,0.9287531806615776,1.9287531806615776,{'0': 0.9287531806615776},67.08510638297872,35.659574468085104,71.99102783203125,79.6474609375
draft_model_k1,draft_model,1,32,4,24,0.0,32,True,,"{""method"":""draft_model"",""model"":""Qwen/Qwen3-0.6B"",""num_speculative_tokens"":1,""draft_tensor_parallel_size"":1}",0,[],50.30471099962597,99.97956080005676,107.06910549044551,5.423232370958431,6.11494953546137,6.401738549691564,223.4045334998882,263.74725059977203,279.0499402298701,61.41784600026767,5.4275579905836535,10.282465306150703,185.48125256120096,1.388278590000482,553.203085844415,17.28759643263797,0,0.003567508232711347,2.0,392.0,392.0,365.0,0.9311224489795918,0.9311224489795918,1.931122448979592,{'0': 0.9311224489795918},82.125,57.75,72.04180908203125,79.6474609375
draft_model_k1,draft_model,1,32,16,72,0.0,32,True,,"{""method"":""draft_model"",""model"":""Qwen/Qwen3-0.6B"",""num_speculative_tokens"":1,""draft_tensor_parallel_size"":1}",0,[],122.7367060000688,662.6841898998464,667.6487004503542,8.148218580631251,8.792446087107,14.860395790279586,387.4191695003901,896.1961694003548,911.2611143692811,228.63739947229078,8.323488475352892,15.727020228849867,124.0508890303248,2.323336081000889,991.6774498708947,30.98992030846546,0,0.015642151481888078,5.0,1179.0,1179.0,1095.0,0.9287531806615776,0.9287531806615776,1.9287531806615776,{'0': 0.9287531806615776},56.61538461538461,46.07692307692308,72.32891845703125,79.6474609375
draft_model_k1,draft_model,1,128,1,24,0.0,128,True,,"{""method"":""draft_model"",""model"":""Qwen/Qwen3-0.6B"",""num_speculative_tokens"":1,""draft_tensor_parallel_size"":1}",0,[],34.83394849990873,37.38568219960143,50.62733616037803,4.963678074800125,5.18613339842464,5.573965165507487,667.4364919999789,693.9071291008077,738.2862030000251,35.3139600834614,4.925059634184064,8.716603360973822,203.58201308359907,15.869452701999762,193.57945467223877,1.5123394896268654,0,0.0030186608122941827,0.8709677419354839,1735.0,1735.0,1323.0,0.7625360230547551,0.7625360230547551,1.762536023054755,{'0': 0.7625360230547551},78.6024844720497,39.93788819875776,72.32891845703125,79.6474609375
draft_model_k1,draft_model,1,128,4,24,0.0,128,True,,"{""method"":""draft_model"",""model"":""Qwen/Qwen3-0.6B"",""num_speculative_tokens"":1,""draft_tensor_parallel_size"":1}",0,[],45.430535999912536,72.13349169942374,75.93967588016312,6.31178386614433,6.64337013070286,6.718093799917276,853.8474630004202,888.7050155997713,910.9713505092076,48.73933066672483,6.286338806758019,11.037205178823793,159.43138211213878,5.218150365000838,588.7143499360442,4.599330858875345,0,0.010428100987925348,3.272727272727273,1737.0,1737.0,1322.0,0.7610823258491652,0.7610823258491652,1.7610823258491652,{'0': 0.7610823258491652},90.24561403508773,63.473684210526315,72.32891845703125,79.6474609375
draft_model_k1,draft_model,1,128,16,72,0.0,128,True,,"{""method"":""draft_model"",""model"":""Qwen/Qwen3-0.6B"",""num_speculative_tokens"":1,""draft_tensor_parallel_size"":1}",0,[],66.95572100034042,178.15016679978726,178.38523096012068,9.588611519689934,10.229581519690942,10.377928827162727,1301.4676329994472,1395.3100750000885,1483.1997586595935,91.9290632222227,9.438584722221426,16.543156694892645,106.74487818514145,6.31237048299954,1459.9903514567955,11.406174620756214,0,0.03814489571899016,12.846153846153847,5218.0,5218.0,3956.0,0.758144883096972,0.758144883096972,1.7581448830969721,{'0': 0.758144883096972},91.1470588235294,76.76470588235294,72.45001220703125,79.6474609375
draft_model_k1,draft_model,1,512,1,24,0.0,512,True,,"{""method"":""draft_model"",""model"":""Qwen/Qwen3-0.6B"",""num_speculative_tokens"":1,""draft_tensor_parallel_size"":1}",0,[],34.14984600021853,44.60837110036664,47.58809416051008,5.1291747348309285,5.327675744618482,5.389526065087412,2651.438135999342,2764.096910799526,2788.690200249748,35.956524833560856,5.054907525765679,8.771365669394344,198.31898353962694,62.87342979099958,195.44026850208581,0.38171927441813636,0,0.009604829857299713,0.9836065573770492,7080.0,7080.0,5194.0,0.7336158192090395,0.7336158192090395,1.7336158192090396,{'0': 0.7336158192090395},81.06677265500795,40.49443561208267,72.45001220703125,79.6474609375
draft_model_k1,draft_model,1,512,4,24,0.0,512,True,,"{""method"":""draft_model"",""model"":""Qwen/Qwen3-0.6B"",""num_speculative_tokens"":1,""draft_tensor_parallel_size"":1}",0,[],46.65266550000524,58.081821000450866,59.53561409971371,6.412973050880056,6.733958942854975,6.929208977045554,3329.2626490001567,3488.1780640993384,3583.130399350448,46.42966633332435,6.439188694471492,11.17632104041123,155.5121229006863,20.5743273829994,597.2491722938945,1.1665022896365127,0,0.03567508232711303,3.8,7071.0,7071.0,5204.0,0.7359637957856031,0.7359637957856031,1.7359637957856031,{'0': 0.7359637957856031},98.30917874396135,68.8695652173913,72.45001220703125,79.6474609375
draft_model_k1,draft_model,1,512,16,72,0.0,512,True,,"{""method"":""draft_model"",""model"":""Qwen/Qwen3-0.6B"",""num_speculative_tokens"":1,""draft_tensor_parallel_size"":1}",0,[],60.471217999293,126.51410959897474,128.00323044104516,10.273820879648207,10.708219598824595,10.889727846105133,5314.8813674997655,5553.0777700003455,5647.505456830222,74.34874045826392,9.992258585018387,17.338284670048857,100.7529235013491,25.30222461899939,1456.9469900412985,2.845599589924411,0,0.13529088913282106,14.387755102040817,21206.0,21206.0,15611.0,0.7361595774780723,0.7361595774780723,1.7361595774780723,{'0': 0.7361595774780723},98.69685039370079,84.41732283464567,72.45196533203125,79.6474609375
draft_model_k2,draft_model,2,32,1,24,0.0,32,True,,"{""method"":""draft_model"",""model"":""Qwen/Qwen3-0.6B"",""num_speculative_tokens"":2,""draft_tensor_parallel_size"":1}",0,[],55.23285749950446,71.92293400039489,233.5451011689838,5.669665419367036,6.347572080660264,6.958185973231124,232.7812575003918,278.46146779920673,423.12824781993186,70.75135254149245,5.759265102159422,16.150725485870407,175.18928885786463,5.990797658001611,128.196618187266,4.006144318352063,0,0.002227791701475912,0.6666666666666666,277.0,554.0,498.0,0.8989169675090253,1.7978339350180506,2.7978339350180503,"{'0': 0.9314079422382672, '1': 0.8664259927797834}",54.58064516129032,30.096774193548388,72.00665283203125,79.6474609375
draft_model_k2,draft_model,2,32,4,24,0.0,32,True,,"{""method"":""draft_model"",""model"":""Qwen/Qwen3-0.6B"",""num_speculative_tokens"":2,""draft_tensor_parallel_size"":1}",0,[],85.1078844998483,109.20869449983,114.9000976100615,7.011307758089501,8.50531905805016,8.805682072564402,294.0095134999865,356.58519210028317,387.84773363924614,86.01372762495885,7.195656123659191,19.455465947201986,140.93091493836053,1.8574127790016064,413.478365542857,12.92119892321428,0,0.004734057365636368,2.75,278.0,556.0,496.0,0.8920863309352518,1.7841726618705036,2.7841726618705036,"{'0': 0.920863309352518, '1': 0.8633093525179856}",58.95238095238095,40.666666666666664,72.12579345703125,79.6474609375
draft_model_k2,draft_model,2,32,16,72,0.0,32,True,,"{""method"":""draft_model"",""model"":""Qwen/Qwen3-0.6B"",""num_speculative_tokens"":2,""draft_tensor_parallel_size"":1}",0,[],148.63842349950573,201.80847019910289,202.23148118997415,7.504681741949987,8.667840645167386,9.37756065775243,392.77296050022414,449.21014130050025,468.20006839958296,150.1877201805352,7.744097468193557,20.710342856768285,130.15967987785203,1.9287593290009681,1194.5502818090808,37.329696306533776,0,0.016986911723753884,8.75,834.0,1668.0,1487.0,0.8914868105515588,1.7829736211031175,2.7829736211031175,"{'0': 0.920863309352518, '1': 0.8621103117505995}",67.61904761904762,50.76190476190476,72.32891845703125,79.6474609375
draft_model_k2,draft_model,2,128,1,24,0.0,128,True,,"{""method"":""draft_model"",""model"":""Qwen/Qwen3-0.6B"",""num_speculative_tokens"":2,""draft_tensor_parallel_size"":1}",0,[],50.65106299934996,61.19302000042808,81.43055503049254,7.1764848582647325,7.908838945669825,8.621361754484544,967.975153000225,1059.289408499535,1144.7244527808652,53.064538125227045,7.216668141402775,16.874941099718836,139.6876376994339,23.280847890000587,131.9539569398356,1.0308902885924656,0,0.003341687552213868,0.9782608695652174,1309.0,2618.0,1755.0,0.6703590527119939,1.3407181054239878,2.3407181054239876,"{'0': 0.7532467532467533, '1': 0.5874713521772346}",57.075949367088604,29.60759493670886,72.32891845703125,79.6474609375
draft_model_k2,draft_model,2,128,4,24,0.0,128,True,,"{""method"":""draft_model"",""model"":""Qwen/Qwen3-0.6B"",""num_speculative_tokens"":2,""draft_tensor_parallel_size"":1}",0,[],59.06564900033118,110.24930519997723,116.24552638077148,6.822025618114241,7.520885100787804,7.596457860241414,929.9011094999514,1023.0462557006832,1051.0139145409994,67.84995549992345,6.843110485237539,15.869439411524668,147.07150370599092,5.838119822999943,526.1968053306313,4.110912541645557,0,0.010303536619326148,3.5,1314.0,2628.0,1752.0,0.6666666666666666,1.3333333333333333,2.333333333333333,"{'0': 0.7519025875190258, '1': 0.5814307458143074}",79.93548387096774,54.225806451612904,72.32891845703125,79.6474609375
draft_model_k2,draft_model,2,128,16,72,0.0,128,True,,"{""method"":""draft_model"",""model"":""Qwen/Qwen3-0.6B"",""num_speculative_tokens"":2,""draft_tensor_parallel_size"":1}",0,[],74.82390199947986,178.63572650021524,179.6767666499727,8.573109531497483,9.585533018116978,10.188457321814573,1201.377392500035,1352.0083762003196,1390.3374453991823,97.01385444436204,8.58176734295751,19.918207556462644,117.79744228608274,5.777318850001393,1595.203629794083,12.462528357766274,0,0.04065719855193539,12.833333333333334,3938.0,7876.0,5263.0,0.6682326053834434,1.3364652107668868,2.336465210766887,"{'0': 0.7506348400203149, '1': 0.5858303707465718}",90.93548387096774,72.74193548387096,72.32891845703125,79.6474609375
draft_model_k2,draft_model,2,512,1,24,0.0,512,True,,"{""method"":""draft_model"",""model"":""Qwen/Qwen3-0.6B"",""num_speculative_tokens"":2,""draft_tensor_parallel_size"":1}",0,[],50.36480849958025,64.38543980093527,78.93024266917563,7.283802507827952,7.854109930723863,8.03777035209393,3778.4938139993756,4062.9785455006645,4180.426047249202,54.63277649998114,7.1012213664382,16.06043123275781,141.90366954084024,88.41708772899983,138.97766049095588,0.2714407431463982,0,0.00974658869395717,0.9766081871345029,5442.0,10884.0,6851.0,0.6294560823226755,1.258912164645351,2.258912164645351,"{'0': 0.725284821756707, '1': 0.5336273428886439}",62.87697516930022,32.04627539503386,72.32891845703125,79.6474609375
draft_model_k2,draft_model,2,512,4,24,0.0,512,True,,"{""method"":""draft_model"",""model"":""Qwen/Qwen3-0.6B"",""num_speculative_tokens"":2,""draft_tensor_parallel_size"":1}",0,[],56.436009999742964,96.39941259974876,98.21195565999005,7.297152875733787,7.730489849707492,7.836992366164084,3810.9781574994486,4001.090685800773,4082.3927236709096,65.44885233324749,7.073525657779219,15.981970489017067,142.4225196486013,23.384892949999994,525.4674471366354,1.026303607688741,0,0.033138401559454245,3.6666666666666665,5448.0,10896.0,6837.0,0.6274779735682819,1.2549559471365639,2.2549559471365637,"{'0': 0.7250367107195301, '1': 0.5299192364170338}",85.88461538461539,57.96153846153846,72.32891845703125,79.6474609375
draft_model_k2,draft_model,2,512,16,72,0.0,512,True,,"{""method"":""draft_model"",""model"":""Qwen/Qwen3-0.6B"",""num_speculative_tokens"":2,""draft_tensor_parallel_size"":1}",0,[],68.09404199975688,174.16590090106183,174.92176503908922,9.50031861154516,10.123366776712636,10.356353758943728,4928.2137869995495,5286.920203400041,5394.248711030359,91.95139969445638,9.199026988638881,20.73013817197203,109.66010438613864,23.585888457000692,1562.9684702022805,3.052672793363829,0,0.13338902812587028,14.217391304347826,16328.0,32656.0,20525.0,0.6285215580597746,1.2570431161195492,2.257043116119549,"{'0': 0.7248285154336109, '1': 0.5322146006859383}",97.90756302521008,79.31932773109244,72.32891845703125,79.6474609375
draft_model_k4,draft_model,4,32,1,24,0.0,32,True,,"{""method"":""draft_model"",""model"":""Qwen/Qwen3-0.6B"",""num_speculative_tokens"":4,""draft_tensor_parallel_size"":1}",0,[],78.45316450038808,97.66782669939856,257.38643047987347,6.816662951619477,7.9712307322728115,8.818148564186552,301.0158910010432,351.94817739975406,474.01997327984645,93.33077808340325,7.009188524189965,30.290144764878264,144.78760278137563,7.461879813999985,102.92312649676798,3.2163477030239993,0,0.001699235344095107,0.6,180.0,720.0,603.0,0.8375,3.35,4.35,"{'0': 0.95, '1': 0.9, '2': 0.7833333333333333, '3': 0.7166666666666667}",42.753246753246756,21.974025974025974,71.96368408203125,79.6474609375
draft_model_k4,draft_model,4,32,4,24,0.0,32,True,,"{""method"":""draft_model"",""model"":""Qwen/Qwen3-0.6B"",""num_speculative_tokens"":4,""draft_tensor_parallel_size"":1}",0,[],115.1643615003195,180.07329269912586,192.72971294105446,7.4833407580891,8.82402287744856,9.909444411935715,361.84948699974484,420.4428638997342,447.53985284023656,124.74776862495673,7.793724766127535,32.02253674579669,129.81527135889772,2.2086076809991937,347.73038534962893,10.866574542175904,0,0.006230529595015577,3.0,181.0,724.0,602.0,0.8314917127071824,3.3259668508287294,4.3259668508287294,"{'0': 0.9447513812154696, '1': 0.8950276243093923, '2': 0.7845303867403315, '3': 0.7016574585635359}",46.53846153846154,29.846153846153847,71.96368408203125,79.6474609375
draft_model_k4,draft_model,4,32,16,72,0.0,32,True,,"{""method"":""draft_model"",""model"":""Qwen/Qwen3-0.6B"",""num_speculative_tokens"":4,""draft_tensor_parallel_size"":1}",0,[],153.37185399948794,181.7605394997372,182.52612974070874,8.319569080647911,11.16845765483313,12.78323806616051,426.5972880002664,501.940639500026,564.3923805895433,154.11568301384352,8.91558738620146,36.3241517494711,114.4738892892923,2.0913461279997136,1101.68277223612,34.42758663237875,0,0.014160294534126261,7.2,546.0,2184.0,1797.0,0.8228021978021978,3.291208791208791,4.291208791208791,"{'0': 0.9413919413919414, '1': 0.8809523809523809, '2': 0.7728937728937729, '3': 0.6959706959706959}",51.15384615384615,37.53846153846154,72.18243408203125,79.6474609375
draft_model_k4,draft_model,4,128,1,24,0.0,128,True,,"{""method"":""draft_model"",""model"":""Qwen/Qwen3-0.6B"",""num_speculative_tokens"":4,""draft_tensor_parallel_size"":1}",0,[],73.39426000089588,82.49432330030686,87.91657768038931,9.78508792126033,10.938030485830115,11.50759340952856,1314.62739699964,1467.4513353998918,1536.2066561312167,75.15678941695114,9.682796019029803,29.936958383466,104.98844627269254,31.325476747999346,98.0671427513453,0.7661495527448852,0,0.003681676578872861,0.9344262295081968,993.0,3972.0,2085.0,0.5249244712990937,2.099697885196375,3.099697885196375,"{'0': 0.7542799597180262, '1': 0.56797583081571, '2': 0.4350453172205438, '3': 0.3423967774420947}",45.77635782747604,21.916932907348244,72.18243408203125,79.6474609375
draft_model_k4,draft_model,4,128,4,24,0.0,128,True,,"{""method"":""draft_model"",""model"":""Qwen/Qwen3-0.6B"",""num_speculative_tokens"":4,""draft_tensor_parallel_size"":1}",0,[],95.08544950040232,138.8690721005332,147.70865281050646,9.477622318899387,10.935850506294935,12.414603237089247,1301.8582045006042,1510.893695100458,1677.7231519392262,101.88096062491543,9.6795375771008,29.61617405952832,105.28248978022555,8.589879211000152,357.6301743645025,2.793985737222676,0,0.011328235627301009,3.235294117647059,996.0,3984.0,2082.0,0.5225903614457831,2.0903614457831323,3.0903614457831323,"{'0': 0.7540160642570282, '1': 0.5662650602409639, '2': 0.43172690763052207, '3': 0.33835341365461846}",58.90909090909091,37.45454545454545,72.18243408203125,79.6474609375
draft_model_k4,draft_model,4,128,16,72,0.0,128,True,,"{""method"":""draft_model"",""model"":""Qwen/Qwen3-0.6B"",""num_speculative_tokens"":4,""draft_tensor_parallel_size"":1}",0,[],107.16455500005395,176.60744199893088,177.1662043404649,10.497153236228339,11.877367382681038,12.486999419995021,1441.9009675002599,1650.9016655007144,1687.8695835098006,121.11518927768985,10.330858196960467,31.561593892627137,98.70121195682863,7.17619404800098,1284.2462088336692,10.033173506513041,0,0.040215236476918714,13.142857142857142,2990.0,11960.0,6254.0,0.5229096989966555,2.091638795986622,3.091638795986622,"{'0': 0.7438127090301003, '1': 0.5672240802675586, '2': 0.43444816053511703, '3': 0.34615384615384615}",75.625,55.80555555555556,72.18243408203125,79.6474609375
draft_model_k4,draft_model,4,512,1,24,0.0,512,True,,"{""method"":""draft_model"",""model"":""Qwen/Qwen3-0.6B"",""num_speculative_tokens"":4,""draft_tensor_parallel_size"":1}",0,[],75.04076750046806,84.7709866002333,107.16340324044721,10.490784630138226,11.861839131899522,12.660933237162368,5433.094274500945,6139.248370600399,6546.336048969952,77.17797475015686,10.080333580968883,29.54418803191895,101.49251860392229,125.49083464499927,97.91950172904257,0.19124902681453626,0,0.009912206173888438,0.9836065573770492,4195.0,16780.0,8112.0,0.4834326579261025,1.93373063170441,2.9337306317044103,"{'0': 0.7199046483909416, '1': 0.5189511323003576, '2': 0.3957091775923719, '3': 0.29916567342073896}",47.23285486443381,22.375598086124402,72.18243408203125,79.6474609375
draft_model_k4,draft_model,4,512,4,24,0.0,512,True,,"{""method"":""draft_model"",""model"":""Qwen/Qwen3-0.6B"",""num_speculative_tokens"":4,""draft_tensor_parallel_size"":1}",0,[],97.72604200043133,160.67285480021383,170.29785600978357,10.080905868884845,11.872756450295178,12.575989885343454,5282.710461499846,6159.83154079986,6530.342582410376,107.46308937480838,10.091773540932959,29.627441141244912,101.34366207585,34.26277224200021,358.6399814121592,0.7004687136956235,0,0.03596714811668078,3.626865671641791,4180.0,16720.0,8129.0,0.4861842105263158,1.944736842105263,2.944736842105263,"{'0': 0.7253588516746412, '1': 0.519377990430622, '2': 0.3966507177033493, '3': 0.3033492822966507}",62.55685131195335,39.85131195335277,72.18243408203125,79.6474609375
draft_model_k4,draft_model,4,512,16,72,0.0,512,True,,"{""method"":""draft_model"",""model"":""Qwen/Qwen3-0.6B"",""num_speculative_tokens"":4,""draft_tensor_parallel_size"":1}",0,[],98.88327100088645,172.8875167989827,173.73624006029786,10.471221269080944,12.144388249120535,12.491991012464677,5459.926158001508,6295.532989399908,6542.555231950173,115.16602597218177,10.196380274706266,29.812889034993297,100.14909627227362,26.699948282999685,1380.6768316278703,2.6966344367731843,0,0.12149532710280375,13.923076923076923,12581.0,50324.0,24337.0,0.4836062316191082,1.9344249264764328,2.934424926476433,"{'0': 0.7183848660678801, '1': 0.523805738812495, '2': 0.39249662189015183, '3': 0.29973769970590575}",84.91078066914498,63.59851301115241,72.18243408203125,79.6474609375
draft_model_k8,draft_model,8,32,1,24,0.0,32,True,,"{""method"":""draft_model"",""model"":""Qwen/Qwen3-0.6B"",""num_speculative_tokens"":8,""draft_tensor_parallel_size"":1}",0,[],124.02654050038109,137.1362425006737,219.86010078977415,8.486339129024513,10.364387009676355,11.545585525153939,388.029317499786,478.6795227995753,541.5054966192656,132.96255191653472,8.502738293008827,53.11487988138644,120.92039969379805,9.523935967999932,80.63892938596513,2.5199665433114102,0,0.0026478375992938785,0.7368421052631579,125.0,1000.0,687.0,0.687,5.496,6.496,"{'0': 0.952, '1': 0.888, '2': 0.736, '3': 0.64, '4': 0.608, '5': 0.6, '6': 0.56, '7': 0.512}",42.04081632653061,19.224489795918366,71.66485595703125,79.6474609375
draft_model_k8,draft_model,8,32,4,24,0.0,32,True,,"{""method"":""draft_model"",""model"":""Qwen/Qwen3-0.6B"",""num_speculative_tokens"":8,""draft_tensor_parallel_size"":1}",0,[],173.39479999918694,280.18157380029146,300.96574405934007,8.88920708063867,10.92409577096635,12.493865267399322,448.8287960002708,576.5088333993845,639.1392853201614,189.3050711662454,8.995070348120901,54.72558165500733,115.51647784721763,2.8504299280011764,269.43303971641535,8.41978249113798,0,0.0061782877316858276,2.5,122.0,976.0,688.0,0.7049180327868853,5.639344262295082,6.639344262295082,"{'0': 0.9508196721311475, '1': 0.8852459016393442, '2': 0.7622950819672131, '3': 0.6721311475409836, '4': 0.6311475409836066, '5': 0.6147540983606558, '6': 0.5819672131147541, '7': 0.5409836065573771}",43.375,24.6875,71.78009033203125,79.6474609375
draft_model_k8,draft_model,8,32,16,72,0.0,32,True,,"{""method"":""draft_model"",""model"":""Qwen/Qwen3-0.6B"",""num_speculative_tokens"":8,""draft_tensor_parallel_size"":1}",0,[],211.30622300006507,335.3419956005382,336.1562695896464,10.408029499998403,14.774710028993262,17.030922920957604,563.7981299996682,717.2457557997404,817.7839684397627,235.90260890286015,10.918488597669455,64.26255874854525,96.90681369811496,2.875478120999105,801.2580527649638,25.03931414890512,0,0.02235951750514853,10.833333333333334,378.0,3024.0,2046.0,0.6765873015873016,5.412698412698413,6.412698412698413,"{'0': 0.9365079365079365, '1': 0.8571428571428571, '2': 0.7301587301587301, '3': 0.6428571428571429, '4': 0.6111111111111112, '5': 0.5873015873015873, '6': 0.5396825396825397, '7': 0.5079365079365079}",46.6875,29.8125,72.00079345703125,79.6474609375
draft_model_k8,draft_model,8,128,1,24,0.0,128,True,,"{""method"":""draft_model"",""model"":""Qwen/Qwen3-0.6B"",""num_speculative_tokens"":8,""draft_tensor_parallel_size"":1}",0,[],124.88074200064148,136.17803690067376,138.34060728951954,14.863588011809671,17.45571354251698,17.772689393865207,2015.7243725006992,2344.539323898971,2382.667807549915,126.6412338752616,14.411977875984133,54.031256108974056,72.76493313225016,46.9762058719989,65.39480877554496,0.510896943558945,0,0.004707266843189228,0.945054945054945,819.0,6552.0,2283.0,0.3484432234432234,2.7875457875457874,3.7875457875457874,"{'0': 0.7350427350427351, '1': 0.5433455433455433, '2': 0.3992673992673993, '3': 0.30158730158730157, '4': 0.2515262515262515, '5': 0.21733821733821734, '6': 0.18315018315018314, '7': 0.1562881562881563}",41.70912951167728,18.24628450106157,72.00079345703125,79.6474609375
draft_model_k8,draft_model,8,128,4,24,0.0,128,True,,"{""method"":""draft_model"",""model"":""Qwen/Qwen3-0.6B"",""num_speculative_tokens"":8,""draft_tensor_parallel_size"":1}",0,[],170.21284850125085,199.489624400303,205.12359443884634,14.935372850396655,18.058394898427764,19.694290585597717,2068.3860220005954,2485.8141528002307,2683.738561489936,173.82000625010127,14.88155276279556,54.48695075464013,70.71372407048243,13.207178717000716,232.60077461097882,1.817193551648272,0,0.012062371285672224,3.3846153846153846,832.0,6656.0,2274.0,0.34164663461538464,2.733173076923077,3.733173076923077,"{'0': 0.7259615384615384, '1': 0.5408653846153846, '2': 0.3942307692307692, '3': 0.29447115384615385, '4': 0.24158653846153846, '5': 0.2091346153846154, '6': 0.17548076923076922, '7': 0.15144230769230768}",49.43703703703704,27.42222222222222,72.00079345703125,79.6474609375
draft_model_k8,draft_model,8,128,16,72,0.0,128,True,,"{""method"":""draft_model"",""model"":""Qwen/Qwen3-0.6B"",""num_speculative_tokens"":8,""draft_tensor_parallel_size"":1}",0,[],178.8317159998769,254.7659370009569,255.55758896027325,15.44529583464275,18.632386620476154,19.402468835518178,2140.9387415005767,2551.795413400032,2696.2810528996856,194.2684262638876,15.362022214020076,56.724842592374394,68.01699499437275,10.784511931000452,854.558839469433,6.676240933354945,0,0.04148278905560454,12.761904761904763,2476.0,19808.0,6819.0,0.3442548465266559,2.754038772213247,3.754038772213247,"{'0': 0.7281906300484653, '1': 0.5428109854604201, '2': 0.3945880452342488, '3': 0.30573505654281097, '4': 0.24676898222940227, '5': 0.20759289176090467, '6': 0.17609046849757673, '7': 0.1522617124394184}",59.27272727272727,38.36363636363637,72.00079345703125,79.6474609375
draft_model_k8,draft_model,8,512,1,24,0.0,512,True,,"{""method"":""draft_model"",""model"":""Qwen/Qwen3-0.6B"",""num_speculative_tokens"":8,""draft_tensor_parallel_size"":1}",0,[],124.32416150022618,137.60869040033865,199.5076360302664,16.95743063992125,19.541994240705286,21.393284527809488,8790.604423999866,10115.041324100093,11054.596707589935,129.01215108339179,15.85799298915509,54.87913156527276,66.58482880486685,197.58899826300149,62.18969734156968,0.12146425262025329,0,0.011179758752574265,0.9817708333333334,3550.0,28400.0,8802.0,0.3099295774647887,2.4794366197183098,3.4794366197183098,"{'0': 0.7050704225352112, '1': 0.49690140845070424, '2': 0.36535211267605633, '3': 0.27267605633802816, '4': 0.2095774647887324, '5': 0.1735211267605634, '6': 0.13943661971830987, '7': 0.11690140845070422}",41.46908533469596,18.131323454266735,72.00079345703125,79.6474609375
draft_model_k8,draft_model,8,512,4,24,0.0,512,True,,"{""method"":""draft_model"",""model"":""Qwen/Qwen3-0.6B"",""num_speculative_tokens"":8,""draft_tensor_parallel_size"":1}",0,[],168.54530000000523,233.86740409914637,241.76719980867347,15.787690376711655,19.35157192876677,21.03102279025412,8263.936445499894,10049.934370798654,10909.225017919307,180.0954148748891,15.312915907208007,53.79006134913838,68.58834775460133,51.579181606999555,238.23565277996687,0.4653040093358728,0,0.035010297146219505,3.64,3492.0,27936.0,8837.0,0.31633018327605955,2.5306414662084764,3.5306414662084764,"{'0': 0.7110538373424972, '1': 0.5060137457044673, '2': 0.3745704467353952, '3': 0.28264604810996563, '4': 0.21735395189003437, '5': 0.1775486827033219, '6': 0.14261168384879724, '7': 0.1188430698739977}",51.81044487427466,29.195357833655706,72.00079345703125,79.6474609375
draft_model_k8,draft_model,8,512,16,72,0.0,512,True,,"{""method"":""draft_model"",""model"":""Qwen/Qwen3-0.6B"",""num_speculative_tokens"":8,""draft_tensor_parallel_size"":1}",0,[],174.4370380001783,251.9588366001699,252.79186201998527,16.815480000980028,20.025636467319845,21.126666218081883,8844.888179000918,10399.739752700043,10968.666116889162,190.3495413610522,15.856209962818003,55.64375763832878,66.4187523193984,41.150172802999805,895.8407095027472,1.7496888857475532,0,0.12444836716681373,14.15,10484.0,83872.0,26513.0,0.31611264784433424,2.528901182754674,3.528901182754674,"{'0': 0.7075543685616177, '1': 0.5087752766119802, '2': 0.36970621900038153, '3': 0.27880579931323923, '4': 0.21585272796642502, '5': 0.17827165204120565, '6': 0.14736741701640596, '7': 0.12256772224341854}",63.49029126213592,41.58009708737864,72.00079345703125,79.6474609375
eagle3_k1,eagle3,1,32,1,24,0.0,32,True,,"{""method"":""eagle3"",""model"":""AngelSlim/Qwen3-a3B_eagle3"",""num_speculative_tokens"":1}",0,[],29.442201500387455,33.57668270018621,34.63464260981709,3.252230645146835,3.7381062645328065,3.8187162251614932,130.14534300054947,146.92820370037225,150.08936076061218,29.403950083254433,3.317114627693187,5.610985116110926,303.2090843769878,3.1808458819996304,241.44520938474355,7.545162793273236,0,0.0006398771435884854,0.8571428571428571,442.0,442.0,312.0,0.7058823529411765,0.7058823529411765,1.7058823529411766,{'0': 0.7058823529411765},81.91666666666667,50.333333333333336,71.40313720703125,79.6474609375
eagle3_k1,eagle3,1,32,4,24,0.0,32,True,,"{""method"":""eagle3"",""model"":""AngelSlim/Qwen3-a3B_eagle3"",""num_speculative_tokens"":1}",0,[],56.16768299933028,78.4889351001766,80.37505845040869,5.271228758066436,5.814330274205854,6.675124220947773,216.51110950006114,245.11379790073985,266.56646190967876,54.80403758330491,5.265636989245268,8.858496312836527,192.06990907386444,1.3187068650004221,582.3887176015833,18.199647425049477,0,0.0021755822882006948,2.3333333333333335,442.0,442.0,312.0,0.7058823529411765,0.7058823529411765,1.7058823529411766,{'0': 0.7058823529411765},78.25,61.125,71.51837158203125,79.6474609375
eagle3_k1,eagle3,1,32,16,72,0.0,32,True,,"{""method"":""eagle3"",""model"":""AngelSlim/Qwen3-a3B_eagle3"",""num_speculative_tokens"":1}",0,[],71.5448840001045,776.2187811003969,776.6469605696329,8.39811619355333,10.201024303182015,10.658290624516903,352.276740999514,1015.9929386994917,1105.187501160035,224.83721668064996,8.490593674278445,14.268457275856711,120.16404434390675,2.3138285929999256,995.7522380743067,31.117257439822083,0,0.006782697722037323,7.0,1325.0,1325.0,939.0,0.7086792452830188,0.7086792452830188,1.7086792452830188,{'0': 0.7086792452830188},59.0,53.30769230769231,71.70977783203125,79.6474609375
eagle3_k1,eagle3,1,128,1,24,0.0,128,True,,"{""method"":""eagle3"",""model"":""AngelSlim/Qwen3-a3B_eagle3"",""num_speculative_tokens"":1}",0,[],28.493850000813836,33.249848400009796,49.61991326070346,3.521398181100819,3.7346656023547387,3.7813375755049634,476.2576809998791,504.2251969993231,521.3583872894742,29.39648241689004,3.5160900131203925,5.611937495119663,284.9100089749062,11.433229037000274,268.69049767641127,2.099144513096963,0,0.0014077297158945346,0.9130434782608695,1921.0,1921.0,1140.0,0.5934409161894847,0.5934409161894847,1.5934409161894847,{'0': 0.5934409161894847},92.85714285714286,54.36974789915966,71.70977783203125,79.6474609375
eagle3_k1,eagle3,1,128,4,24,0.0,128,True,,"{""method"":""eagle3"",""model"":""AngelSlim/Qwen3-a3B_eagle3"",""num_speculative_tokens"":1}",0,[],43.829990500853455,86.99458599967329,88.4469499403167,5.7969276850405915,6.0794410661444305,6.346999952601629,780.6599485002153,850.8949033997851,860.5337424007121,49.65597875025196,5.830736752953001,9.311582557500877,171.75247246332805,4.828769992000161,636.186856091591,4.970209813215555,0,0.005502943434860463,3.6,1912.0,1912.0,1150.0,0.6014644351464435,0.6014644351464435,1.6014644351464435,{'0': 0.6014644351464435},92.03846153846153,71.92307692307692,71.70977783203125,79.6474609375
eagle3_k1,eagle3,1,128,16,72,0.0,128,True,,"{""method"":""eagle3"",""model"":""AngelSlim/Qwen3-a3B_eagle3"",""num_speculative_tokens"":1}",0,[],56.60336749951966,107.08753659946524,107.2735986407315,9.468670633861448,10.232852777169066,10.422420617248186,1278.1954314996256,1359.1590002992234,1405.2832605292315,68.97731461119999,9.33683582458411,14.852557771447184,107.87778943334695,6.125562175999221,1504.5149710682117,11.754023211470404,0,0.01881238802149987,13.416666666666666,5756.0,5756.0,3418.0,0.593815149409312,0.593815149409312,1.593815149409312,{'0': 0.593815149409312},93.93548387096774,86.03225806451613,71.82501220703125,79.6474609375
eagle3_k1,eagle3,1,512,1,24,0.0,512,True,,"{""method"":""eagle3"",""model"":""AngelSlim/Qwen3-a3B_eagle3"",""num_speculative_tokens"":1}",0,[],28.114203999393794,34.641701700456906,46.94176410022919,3.5562173043057443,3.731472100390756,3.8736566947736075,1843.7669370005096,1930.918119299895,2003.6220397791658,29.367220999877947,3.5419301886004053,5.615645276213668,282.8690276125988,44.1597526179994,278.26242837672606,0.5434813054232931,0,0.004479140005119064,0.9883720930232558,7774.0,7774.0,4502.0,0.579109853357345,0.579109853357345,1.579109853357345,{'0': 0.579109853357345},98.43018018018019,56.55855855855856,71.82501220703125,79.6474609375
eagle3_k1,eagle3,1,512,4,24,0.0,512,True,,"{""method"":""eagle3"",""model"":""AngelSlim/Qwen3-a3B_eagle3"",""num_speculative_tokens"":1}",0,[],42.426611500559375,104.4075148007323,105.492955130685,5.9934995009783085,6.285643565560031,6.482174107278526,3111.800912000035,3253.098604700608,3357.102537008941,54.67666495830296,6.0184626103225165,9.488374937124101,166.38326352471572,19.079827879999357,644.0309670131267,1.257872982447513,0,0.014973125159969292,3.7027027027027026,7788.0,7788.0,4487.0,0.5761427837699025,0.5761427837699025,1.5761427837699025,{'0': 0.5761427837699025},98.109375,77.11458333333333,71.82501220703125,79.6474609375
eagle3_k1,eagle3,1,512,16,72,0.0,512,True,,"{""method"":""eagle3"",""model"":""AngelSlim/Qwen3-a3B_eagle3"",""num_speculative_tokens"":1}",0,[],57.82526250004594,165.08499080046022,176.03346918032912,9.954001289628145,10.510739618592822,10.810113262114475,5205.218090500239,5423.803744600809,5572.693741899802,82.96918288884727,9.775967909871827,15.416658851120983,102.96756851099487,24.866961763998916,1482.4488954404462,2.8954079989071215,0,0.06488354235986693,14.479166666666666,23359.0,23359.0,13461.0,0.5762661072819898,0.5762661072819898,1.57626610728199,{'0': 0.5762661072819898},98.79518072289157,91.38955823293173,71.82501220703125,79.6474609375
eagle3_k2,eagle3,2,32,1,24,0.0,32,True,,"{""method"":""eagle3"",""model"":""AngelSlim/Qwen3-a3B_eagle3"",""num_speculative_tokens"":2}",0,[],32.22696000011638,37.884912698791595,39.31809324974893,3.0466132258234504,3.78685289032869,4.140199701267251,128.84677900001407,155.81030229950557,164.0839112897811,32.181018666506134,3.1717067674767887,6.692072435632985,321.08157464489335,3.1391824909987918,244.6496825852408,7.645302580788775,0,0.0005281922619833068,0.8571428571428571,352.0,704.0,410.0,0.5823863636363636,1.1647727272727273,2.1647727272727275,"{'0': 0.6732954545454546, '1': 0.4914772727272727}",80.27777777777777,54.94444444444444,71.49493408203125,79.6474609375
eagle3_k2,eagle3,2,32,4,24,0.0,32,True,,"{""method"":""eagle3"",""model"":""AngelSlim/Qwen3-a3B_eagle3"",""num_speculative_tokens"":2}",0,[],45.26493200046389,75.74938600009772,80.54464744966026,4.775741145162864,5.953271919345078,6.582583752902029,199.50753699959023,233.48808050068328,261.2993378398278,49.60302070837012,4.849606087359902,10.25757022236568,211.00118681695795,1.2142599190010515,632.4840242044875,19.765125756390233,0,0.0015845767859500315,1.6666666666666667,351.0,702.0,412.0,0.5868945868945868,1.1737891737891737,2.1737891737891735,"{'0': 0.6780626780626781, '1': 0.49572649572649574}",77.92857142857143,63.357142857142854,71.54571533203125,79.6474609375
eagle3_k2,eagle3,2,32,16,72,0.0,32,True,,"{""method"":""eagle3"",""model"":""AngelSlim/Qwen3-a3B_eagle3"",""num_speculative_tokens"":2}",0,[],68.36546150043432,139.59666169994307,139.94543014958253,7.277325516130781,9.235479738697084,10.46696255998834,304.77639099990483,369.8292926994327,425.16972787907434,81.1623149998771,7.37305199641829,15.79031511393721,140.00980535233174,1.514816138000242,1520.9766665422412,47.53052082944504,0,0.008583124257229624,10.0,1041.0,2082.0,1245.0,0.5979827089337176,1.1959654178674353,2.195965417867435,"{'0': 0.6868395773294909, '1': 0.5091258405379443}",82.0,75.46666666666667,71.93438720703125,79.6474609375
eagle3_k2,eagle3,2,128,1,24,0.0,128,True,,"{""method"":""eagle3"",""model"":""AngelSlim/Qwen3-a3B_eagle3"",""num_speculative_tokens"":2}",0,[],30.14071649977268,37.39718689939764,43.516674560378306,3.6187378700847113,3.96009583700801,4.044592189047404,487.9022975001135,533.3614532994034,543.2929333591346,30.958021666644225,3.61918008464635,6.830713115734136,277.75514840431225,11.784199903000626,260.68804206365957,2.0366253286223404,0,0.0019807209824376226,0.8695652173913043,1618.0,3236.0,1450.0,0.4480840543881335,0.896168108776267,1.896168108776267,"{'0': 0.5754017305315204, '1': 0.3207663782447466}",95.42857142857143,62.64705882352941,71.93438720703125,79.6474609375
eagle3_k2,eagle3,2,128,4,24,0.0,128,True,,"{""method"":""eagle3"",""model"":""AngelSlim/Qwen3-a3B_eagle3"",""num_speculative_tokens"":2}",0,[],41.30375249951612,94.02509039973665,95.49899136964086,5.602952976370557,6.006596567712272,6.571551629446237,763.5357175004174,831.1067923996234,882.8448737803774,49.685953749985856,5.597911749014906,10.581388429846927,179.5225014144266,4.702609780000785,653.2542872395181,5.103549119058735,0,0.004489634226858552,3.1,1615.0,3230.0,1454.0,0.4501547987616099,0.9003095975232198,1.9003095975232198,"{'0': 0.5801857585139318, '1': 0.3201238390092879}",87.07692307692308,71.0576923076923,71.93438720703125,79.6474609375
eagle3_k2,eagle3,2,128,16,72,0.0,128,True,,"{""method"":""eagle3"",""model"":""AngelSlim/Qwen3-a3B_eagle3"",""num_speculative_tokens"":2}",0,[],62.078209999526734,116.17903110018231,118.61712495967367,8.75524841338363,9.50116303621595,10.370614476145935,1190.3475999997681,1284.6607524998035,1397.9014997913148,70.05917538890571,8.662328137467936,16.465404138591346,116.60322698540615,5.705041273999086,1615.413378690567,12.620417021020055,0,0.020203354020863595,13.636363636363637,4815.0,9630.0,4376.0,0.4544132917964694,0.9088265835929388,1.9088265835929388,"{'0': 0.5825545171339563, '1': 0.3262720664589823}",96.51724137931035,88.89655172413794,72.05548095703125,79.6474609375
eagle3_k2,eagle3,2,512,1,24,0.0,512,True,,"{""method"":""eagle3"",""model"":""AngelSlim/Qwen3-a3B_eagle3"",""num_speculative_tokens"":2}",0,[],31.445846999304194,35.35839279975334,46.64756390056937,3.702595756360467,3.975072619372807,4.306400005812252,1919.6780399997806,2064.1983550000077,2229.490202218967,32.11499187485364,3.6656920418294345,6.871405418827654,274.36997362385,45.74358269899858,268.627844059731,0.5246637579291621,0,0.004489634226858552,0.9887640449438202,6553.0,13106.0,5728.0,0.4370517320311308,0.8741034640622616,1.8741034640622616,"{'0': 0.5711887685029757, '1': 0.3029146955592858}",98.74347826086957,63.834782608695654,72.05548095703125,79.6474609375
eagle3_k2,eagle3,2,512,4,24,0.0,512,True,,"{""method"":""eagle3"",""model"":""AngelSlim/Qwen3-a3B_eagle3"",""num_speculative_tokens"":2}",0,[],45.45110349954484,69.39353889993072,72.67027860989401,5.689004495108282,6.062835023287847,6.393185126009285,2953.165557999455,3147.259512300843,3309.301014130542,48.91541837491786,5.665480090345913,10.540078222793957,177.31604919581702,18.140704886000094,677.3716940560088,1.3229915899531421,0,0.017166248514459248,3.8285714285714287,6605.0,13210.0,5673.0,0.429447388342165,0.85889477668433,1.85889477668433,"{'0': 0.5632096896290689, '1': 0.29568508705526114}",98.32402234636872,81.46368715083798,72.05548095703125,79.6474609375
eagle3_k2,eagle3,2,512,16,72,0.0,512,True,,"{""method"":""eagle3"",""model"":""AngelSlim/Qwen3-a3B_eagle3"",""num_speculative_tokens"":2}",0,[],55.68904099982319,138.69037850017776,141.10140154145483,9.006562365948145,9.546406962232112,10.250431945127966,4666.873529500663,4973.0609983998875,5291.993352950595,74.46009420833535,8.847107544466281,16.560589538636663,114.11825120240842,22.460506014998828,1641.280921070198,3.2056267989652305,0,0.06140235045556586,14.25,19678.0,39356.0,17160.0,0.43601992072365076,0.8720398414473015,1.8720398414473016,"{'0': 0.5687569874987295, '1': 0.303282853948572}",98.36123348017621,92.8546255506608,72.20196533203125,79.6474609375
eagle3_k4,eagle3,4,32,1,24,0.0,32,True,,"{""method"":""eagle3"",""model"":""AngelSlim/Qwen3-a3B_eagle3"",""num_speculative_tokens"":4}",0,[],31.616773999303405,39.71246539986168,45.79474581001704,2.932161145156809,4.2368156968047,4.802820574507002,124.84799499998189,160.2153245004956,176.91655820928645,32.59072862480631,3.068357346775531,7.6661375160140155,340.07185581971476,3.0720526599998266,249.99571459170343,7.812366080990732,0,0.0009470978216750137,0.6666666666666666,298.0,1192.0,476.0,0.39932885906040266,1.5973154362416107,2.597315436241611,"{'0': 0.6510067114093959, '1': 0.47651006711409394, '2': 0.28187919463087246, '3': 0.18791946308724833}",89.2258064516129,61.61290322580645,71.50860595703125,79.6474609375
eagle3_k4,eagle3,4,32,4,24,0.0,32,True,,"{""method"":""eagle3"",""model"":""AngelSlim/Qwen3-a3B_eagle3"",""num_speculative_tokens"":4}",0,[],42.24111100029404,70.23946319986861,75.8243263193799,4.575699290340239,6.0442242064563025,7.765291250668064,192.55222899937507,254.02638480118185,288.7175924799885,46.865362833235245,4.925610067209741,12.449151976403595,210.53034062354482,1.2124750109996967,633.4151162148711,19.79422238171472,0,0.002976593153835694,2.3333333333333335,295.0,1180.0,479.0,0.4059322033898305,1.623728813559322,2.623728813559322,"{'0': 0.6542372881355932, '1': 0.4847457627118644, '2': 0.29152542372881357, '3': 0.19322033898305085}",74.75,63.5,71.50860595703125,79.6474609375
eagle3_k4,eagle3,4,32,16,72,0.0,32,True,,"{""method"":""eagle3"",""model"":""AngelSlim/Qwen3-a3B_eagle3"",""num_speculative_tokens"":4}",0,[],63.174482499562146,123.70086129994888,124.16980839936514,6.939231322576234,9.88375551294138,11.522468567428964,286.7030080005861,387.4835274005818,444.20991254017304,76.06230640264282,7.267359629484118,18.388008084757306,144.65080303966332,1.4693074930000876,1568.085653259418,49.00267666435681,0,0.009741577594371553,10.0,881.0,3524.0,1447.0,0.41061293984108965,1.6424517593643586,2.6424517593643584,"{'0': 0.6662883087400681, '1': 0.49148694665153236, '2': 0.2939841089670829, '3': 0.19069239500567536}",79.4375,73.0625,71.72540283203125,79.6474609375
eagle3_k4,eagle3,4,128,1,24,0.0,128,True,,"{""method"":""eagle3"",""model"":""AngelSlim/Qwen3-a3B_eagle3"",""num_speculative_tokens"":4}",0,[],31.645954000850907,36.73583069958113,43.93699875949096,3.6414625590508893,4.157512500789853,4.236415417087452,496.83525749969704,557.4650076996477,568.0117821497515,31.96072712489695,3.657572367126637,7.722242156409449,275.76606642184515,11.925382727000397,257.60179529036407,2.0125140257059693,0,0.0017588959545392635,0.8333333333333334,1447.0,5788.0,1632.0,0.2819626814098134,1.1278507256392536,2.1278507256392536,"{'0': 0.5618521078092605, '1': 0.30960608154803043, '2': 0.16240497581202487, '3': 0.09398756046993781}",93.61290322580645,62.58064516129032,71.72540283203125,79.6474609375
eagle3_k4,eagle3,4,128,4,24,0.0,128,True,,"{""method"":""eagle3"",""model"":""AngelSlim/Qwen3-a3B_eagle3"",""num_speculative_tokens"":4}",0,[],48.7715745011883,69.89117029916088,71.53906139970786,5.765587586619239,6.407674527557486,6.706292466926787,781.3497560009637,868.3142757987298,898.4496502403454,50.43866741675629,5.768238836285884,12.293451670305092,174.7155037661393,4.884627318000639,628.9118493603769,4.9133738231279445,0,0.0046001894195643045,3.2,1434.0,5736.0,1641.0,0.2860878661087866,1.1443514644351465,2.1443514644351467,"{'0': 0.5732217573221757, '1': 0.3103207810320781, '2': 0.16666666666666666, '3': 0.09414225941422594}",90.34615384615384,75.78846153846153,71.72540283203125,79.6474609375
eagle3_k4,eagle3,4,128,16,72,0.0,128,True,,"{""method"":""eagle3"",""model"":""AngelSlim/Qwen3-a3B_eagle3"",""num_speculative_tokens"":4}",0,[],62.90860500030249,142.7320543998576,143.9542910795717,8.771423535438048,9.69862504882444,10.368059551330921,1200.3485015002298,1325.2399505992798,1391.4265579799942,81.28272580554746,8.65650628051309,18.349563022071166,116.86019613332087,5.790115475001585,1591.6781003400415,12.434985158906574,0,0.02124205114328237,12.583333333333334,4319.0,17276.0,4904.0,0.2838620050937717,1.1354480203750867,2.1354480203750867,"{'0': 0.5730493169715212, '1': 0.30771011808288956, '2': 0.1630006946052327, '3': 0.0916878907154434}",91.3015873015873,83.80952380952381,71.72540283203125,79.6474609375
eagle3_k4,eagle3,4,512,1,24,0.0,512,True,,"{""method"":""eagle3"",""model"":""AngelSlim/Qwen3-a3B_eagle3"",""num_speculative_tokens"":4}",0,[],33.47854100047698,38.62861539928417,39.267479170466686,3.762488448140828,4.157785344813937,4.6168218456930346,1956.6128435008068,2160.6699107001987,2390.110181290729,32.873659542019595,3.7312657242331975,7.7671422946486155,271.0998139683653,46.56529840099938,263.88749609593987,0.5154052658123826,0,0.004735489108375068,0.9555555555555556,5901.0,23604.0,6390.0,0.27071682765632943,1.0828673106253177,2.0828673106253177,"{'0': 0.5621081172682596, '1': 0.29283172343670566, '2': 0.14878834095915947, '3': 0.07913912896119302}",98.77586206896552,65.29094827586206,71.72540283203125,79.6474609375
eagle3_k4,eagle3,4,512,4,24,0.0,512,True,,"{""method"":""eagle3"",""model"":""AngelSlim/Qwen3-a3B_eagle3"",""num_speculative_tokens"":4}",0,[],50.52724049983226,67.38828949946765,69.70352708933206,5.915297017611487,6.3989747242640025,7.120954277534128,3085.793088000173,3312.651850799193,3683.4923509693726,52.04172645797674,5.827498831783872,12.099092293703064,173.2421693011038,18.94377071100098,648.6564996726942,1.2669072259232308,0,0.016912461101339482,3.6486486486486487,5922.0,23688.0,6372.0,0.2689969604863222,1.0759878419452888,2.075987841945289,"{'0': 0.5545423843296183, '1': 0.2889226612630868, '2': 0.15062478892266126, '3': 0.08189800742992233}",97.94764397905759,85.01570680628272,71.72540283203125,79.6474609375
eagle3_k4,eagle3,4,512,16,72,0.0,512,True,,"{""method"":""eagle3"",""model"":""AngelSlim/Qwen3-a3B_eagle3"",""num_speculative_tokens"":4}",0,[],61.42275699949096,134.2324773006112,138.728203369119,9.045751110568,9.935557028766981,11.21111885019493,4691.48625050002,5152.656493598988,5789.527876099984,77.35929844440965,8.866682847983247,18.563176744290562,114.36546855279826,22.628170651998516,1629.1197625710047,3.1818745362714935,0,0.06372615342984711,14.272727272727273,17586.0,70344.0,19284.0,0.27413851927669736,1.0965540771067894,2.0965540771067896,"{'0': 0.56158307744797, '1': 0.2959740702831798, '2': 0.1531900375298533, '3': 0.08580689184578642}",98.62555066079295,92.77533039647577,71.72540283203125,79.6474609375
eagle3_k8,eagle3,8,32,1,24,0.0,32,True,,"{""method"":""eagle3"",""model"":""AngelSlim/Qwen3-a3B_eagle3"",""num_speculative_tokens"":8}",0,[],37.47038650089962,41.1919250007486,42.19714200038652,3.4948872741933297,4.733986729021829,5.823312157103389,141.57286049976392,186.8317755999669,220.0633046497387,36.01687608329485,3.5558948534955603,9.738820291886883,299.05171959938934,3.5169837169996754,218.36893821481144,6.824029319212857,0,0.0014082523588226925,0.8571428571428571,271.0,2168.0,510.0,0.235239852398524,1.881918819188192,2.8819188191881917,"{'0': 0.6346863468634686, '1': 0.43911439114391143, '2': 0.25830258302583026, '3': 0.17343173431734318, '4': 0.12546125461254612, '5': 0.0996309963099631, '6': 0.08487084870848709, '7': 0.06642066420664207}",87.16666666666667,65.38888888888889,71.29962158203125,79.6474609375
eagle3_k8,eagle3,8,32,4,24,0.0,32,True,,"{""method"":""eagle3"",""model"":""AngelSlim/Qwen3-a3B_eagle3"",""num_speculative_tokens"":8}",0,[],48.39308099963091,106.67195399946648,112.39049510983023,5.045289032281172,7.004997890362574,8.778048509361284,214.2858814995634,312.05365480054746,335.2510620704197,60.77032304142449,5.206280873664426,14.622555314629166,204.9978584591146,1.3712186200009455,560.0857432926855,17.50267947789642,0,0.002816504717645385,2.3333333333333335,265.0,2120.0,520.0,0.24528301886792453,1.9622641509433962,2.9622641509433962,"{'0': 0.6490566037735849, '1': 0.46037735849056605, '2': 0.27547169811320754, '3': 0.18490566037735848, '4': 0.1320754716981132, '5': 0.1018867924528302, '6': 0.08679245283018867, '7': 0.07169811320754717}",82.25,71.125,71.41094970703125,79.6474609375
eagle3_k8,eagle3,8,32,16,72,0.0,32,True,,"{""method"":""eagle3"",""model"":""AngelSlim/Qwen3-a3B_eagle3"",""num_speculative_tokens"":8}",0,[],73.8104834990736,140.4959695000798,140.8394983290782,7.183145435485658,11.066783554792156,12.674412899686425,307.1068079989345,433.4476776990414,515.5100125595528,87.19470963880364,7.574664491937344,21.1547982273114,141.79894377327227,1.6224863909992564,1420.0427274961692,44.376335234255286,0,0.010843543162934788,6.5,800.0,6400.0,1552.0,0.2425,1.94,2.94,"{'0': 0.64875, '1': 0.45875, '2': 0.26625, '3': 0.17625, '4': 0.13125, '5': 0.10125, '6': 0.08625, '7': 0.07125}",72.57142857142857,65.23809523809524,71.62969970703125,79.6474609375
eagle3_k8,eagle3,8,128,1,24,0.0,128,True,,"{""method"":""eagle3"",""model"":""AngelSlim/Qwen3-a3B_eagle3"",""num_speculative_tokens"":8}",0,[],40.70002949993068,48.87728880003123,52.97319374027211,4.5087627165237665,5.122983677955651,5.288342572203681,614.871026498804,690.0292248999903,713.2542362493587,39.227602041592036,4.447906746064312,9.770191749940164,227.8789567737289,14.508103509000648,211.7437332932019,1.6542479163531398,0,0.001689902830587231,0.8620689655172413,1390.0,11120.0,1691.0,0.152068345323741,1.216546762589928,2.216546762589928,"{'0': 0.5525179856115108, '1': 0.2920863309352518, '2': 0.1510791366906475, '3': 0.08705035971223021, '4': 0.05251798561151079, '5': 0.03525179856115108, '6': 0.026618705035971222, '7': 0.019424460431654675}",93.62666666666667,67.26666666666667,71.62969970703125,79.6474609375
eagle3_k8,eagle3,8,128,4,24,0.0,128,True,,"{""method"":""eagle3"",""model"":""AngelSlim/Qwen3-a3B_eagle3"",""num_speculative_tokens"":8}",0,[],50.1528889999463,103.54583409971383,105.53310789035095,6.788374629915177,7.663066851969556,8.422562866855127,924.7460634996969,1065.4947770000945,1120.193676409981,60.472054124905604,6.747035944226332,14.876566489494941,150.43525680904992,5.765851991998716,532.7920321685365,4.162437751316691,0,0.006055485142937633,3.25,1385.0,11080.0,1700.0,0.15342960288808663,1.227436823104693,2.227436823104693,"{'0': 0.555956678700361, '1': 0.2945848375451264, '2': 0.15306859205776174, '3': 0.08592057761732852, '4': 0.05415162454873646, '5': 0.03754512635379061, '6': 0.027436823104693142, '7': 0.018772563176895306}",88.15873015873017,74.88888888888889,71.62969970703125,79.6474609375
eagle3_k8,eagle3,8,128,16,72,0.0,128,True,,"{""method"":""eagle3"",""model"":""AngelSlim/Qwen3-a3B_eagle3"",""num_speculative_tokens"":8}",0,[],68.39235650022601,135.13399360017502,136.58437727988712,9.636324472434868,10.922576985043506,11.572901611418748,1320.5109179998544,1488.368804899801,1542.1850806892874,82.95658245833692,9.545304226924156,20.937304079753254,106.2484236639039,6.37166941400028,1446.4027244963395,11.300021285127652,0,0.022391212505280977,12.923076923076923,4175.0,33400.0,5052.0,0.15125748502994013,1.210059880239521,2.210059880239521,"{'0': 0.5597604790419162, '1': 0.29077844311377243, '2': 0.14874251497005989, '3': 0.08407185628742515, '4': 0.04910179640718563, '5': 0.03305389221556886, '6': 0.025149700598802394, '7': 0.019401197604790418}",92.76470588235294,84.5,71.63165283203125,79.6474609375
eagle3_k8,eagle3,8,512,1,24,0.0,512,True,,"{""method"":""eagle3"",""model"":""AngelSlim/Qwen3-a3B_eagle3"",""num_speculative_tokens"":8}",0,[],42.79995750039234,47.850145600386895,66.21684585978073,4.5843110626217065,5.105384687865882,5.778454669140658,2397.5546159999794,2651.37941809935,2987.9816369599935,41.99407945816347,4.549546834230577,9.786396680381444,223.44500835498096,56.81840347400066,216.26795630790338,0.4223983521638738,0,0.004928883255879479,0.9636363636363636,5711.0,45688.0,6578.0,0.14397653650849238,1.151812292067939,2.1518122920679392,"{'0': 0.5555944668184206, '1': 0.28296270355454384, '2': 0.14130625109437928, '3': 0.0738924881807039, '4': 0.044475573454736475, '5': 0.025389599019436177, '6': 0.017334967606373666, '7': 0.010856242339345124}",98.66256590509666,70.52548330404218,71.63165283203125,79.6474609375
eagle3_k8,eagle3,8,512,4,24,0.0,512,True,,"{""method"":""eagle3"",""model"":""AngelSlim/Qwen3-a3B_eagle3"",""num_speculative_tokens"":8}",0,[],49.92069649961195,102.34611069972743,103.90623400888217,7.009120203522294,7.73024472250574,8.80384948866958,3663.627885499409,4000.727282500156,4543.542770969543,58.13964766654559,6.953141981246005,14.96361200886857,145.65672022845646,22.9433481319993,535.5800700623032,1.046054824340436,0,0.017321504013519173,3.6666666666666665,5713.0,45704.0,6584.0,0.14405741291790652,1.1524593033432522,2.152459303343252,"{'0': 0.5520742166987572, '1': 0.28181340801680377, '2': 0.1465079642919657, '3': 0.07491685629266585, '4': 0.043409767197619464, '5': 0.02520567127603711, '6': 0.01767897776999825, '7': 0.010852441799404866}",97.69098712446352,83.09442060085837,71.63165283203125,79.6474609375
eagle3_k8,eagle3,8,512,16,72,0.0,512,True,,"{""method"":""eagle3"",""model"":""AngelSlim/Qwen3-a3B_eagle3"",""num_speculative_tokens"":8}",0,[],67.51477700072428,127.92730359869891,128.91762668026786,9.818973300389903,11.032684061644384,12.968058203560863,5107.595256999957,5702.303911099443,6706.311362030174,80.44508456931807,9.68673565253364,21.1552810736865,105.21417034984731,24.854449896000006,1483.1951684407536,2.896865563360847,0,0.06618786086466699,14.061224489795919,16869.0,134952.0,20028.0,0.14840832295927442,1.1872665836741954,2.1872665836741954,"{'0': 0.5590135751971071, '1': 0.2901772482067698, '2': 0.1495642895251645, '3': 0.08062125792874504, '4': 0.04760211037998696, '5': 0.028988084652320827, '6': 0.019088268421364633, '7': 0.01221174936273638}",97.95219123505976,90.31075697211155,71.63165283203125,79.6474609375
